{
    "Logistic Regression": {
        "accuracy": 0.7612903225806451,
        "precision": 0.6949152542372882,
        "recall": 0.6833333333333333,
        "f1_score": 0.6890756302521008,
        "roc_auc": 0.7615789473684211,
        "cv_roc_auc": 0.8393461476568295
    },
    "Random Forest": {
        "accuracy": 0.7483870967741936,
        "precision": 0.64,
        "recall": 0.8,
        "f1_score": 0.7111111111111111,
        "roc_auc": 0.8135087719298245,
        "cv_roc_auc": 0.8567010900745841
    },
    "XGBoost": {
        "accuracy": 0.7870967741935484,
        "precision": 0.7368421052631579,
        "recall": 0.7,
        "f1_score": 0.717948717948718,
        "roc_auc": 0.8028947368421052,
        "cv_roc_auc": 0.8370752172452878
    },
    "Neural Network": {
        "accuracy": 0.7870967741935484,
        "precision": 0.7755102040816326,
        "recall": 0.6333333333333333,
        "f1_score": 0.6972477064220184,
        "roc_auc": 0.8200000000000002,
        "cv_roc_auc": 0.8228019744483159
    }
}