{
    "best_model": "GradientBoosting",
    "metrics": {
        "LogisticRegression": {
            "cv_accuracy": 0.7920811582783414,
            "accuracy": 0.8100558659217877,
            "precision": 0.803030303030303,
            "recall": 0.7162162162162162,
            "f1_score": 0.7571428571428571,
            "roc_auc": 0.7962033462033462
        },
        "RandomForest": {
            "cv_accuracy": 0.8047867625332413,
            "accuracy": 0.7932960893854749,
            "precision": 0.7681159420289855,
            "recall": 0.7162162162162162,
            "f1_score": 0.7412587412587412,
            "roc_auc": 0.781917631917632
        },
        "GradientBoosting": {
            "cv_accuracy": 0.8230276765488034,
            "accuracy": 0.8268156424581006,
            "precision": 0.8208955223880597,
            "recall": 0.7432432432432432,
            "f1_score": 0.7801418439716312,
            "roc_auc": 0.8144787644787644
        },
        "NeuralNetwork": {
            "cv_accuracy": 0.8131488230079779,
            "accuracy": 0.8100558659217877,
            "precision": 0.803030303030303,
            "recall": 0.7162162162162162,
            "f1_score": 0.7571428571428571,
            "roc_auc": 0.7962033462033462
        }
    }
}